Name,Email,Job Title,Company,Address,Phone Number,Date of Birth
Chad Garcia,mcculloughbrandon@adkins.com,Facilities manager,Pruitt-Richmond,"843 Kristen Curve Apt. 035, Robertsberg, PA 85208",+1-772-993-3483x260,1969-04-09
Shawn Rodriguez,ortizjennifer@franklin.com,Tourist information centre manager,"Lucero, Smith and Stephenson","164 Lisa Mount Suite 069, Lake Debraport, NJ 57043",2526005674,1992-05-02
Christopher Roberts,evansstacey@evans.com,"Psychotherapist, child",Young Inc,"794 Douglas Spur, East Jessica, VT 40116",6931474313,1966-03-02
Mrs. Alexis Davis,millsjacqueline@gmail.com,"Engineer, technical sales","Gregory, Young and Clark","39685 Jonathan Knolls, Port Matthewstad, AR 88357",603.544.3801x883,2000-10-22
Bethany Lynn,rebecca15@yahoo.com,"Surveyor, hydrographic","Martinez, Baxter and Guzman","877 James Estates Suite 223, Lake Scott, TN 09136",001-511-537-3613x631,1989-11-21
David Ball,smithrichard@gmail.com,"Programme researcher, broadcasting/film/video","Stewart, Jones and Watson","239 Daniel Plains, Miguelfurt, CT 20329",372.105.7174x48493,1981-04-16
Sarah Gonzalez,palmerlawrence@long.net,Animal technologist,King-Simmons,"USCGC Gonzales, FPO AA 39143",369-953-0475,1979-03-22
Andrew Rhodes,hobbssamantha@stanley-smith.com,Research scientist (life sciences),"Lyons, Trevino and Smith","499 Sims Overpass Suite 994, New Barbarashire, OH 01730",4382072719,1974-01-12
Charles Arnold,palmerpatricia@cooper.org,Health and safety adviser,Anderson PLC,"466 Williams Terrace, Lake Laura, TX 72983",(381)999-4951x240,1974-01-31
Russell Rose,alexis81@yahoo.com,Graphic designer,Crosby-Garcia,"7117 Kane Brooks, Nicolebury, AR 43185",(225)790-2341x6568,1985-09-19
Tyler Sloan,mullinsjacqueline@bell.net,Health and safety adviser,"Clayton, Williams and Swanson","32519 Laura Junctions, Kennethmouth, UT 96421",+1-219-506-7608x2365,2005-03-22
Dr. Tyler Taylor,jamiebarber@anderson-davis.biz,Armed forces technical officer,Keith PLC,"USNS Bishop, FPO AP 62164",+1-791-305-6119x274,1972-05-05
Erin Carey,vkemp@shelton-meza.info,Haematologist,"Chapman, Rodriguez and Flores","27735 Ruiz Knolls, Oliverland, AL 44695",(006)160-9573x63248,1977-04-02
Monique Zamora,mitchelljeremy@hotmail.com,Chief Financial Officer,"Hahn, Robles and Solis","446 Rodriguez Harbor, Grossside, AR 94522",001-714-804-0167,1989-08-20
Carolyn White,josephmaxwell@gmail.com,Advice worker,Yu LLC,"52212 Tina Stravenue, New Loriside, WA 72506",(261)225-0192,1998-09-28
Jacob Price,lrowe@johnson.org,Air broker,"Welch, Garcia and Phillips","769 Connie Ports, East Bridgetchester, PA 96835",+1-392-647-7936x1093,2004-08-09
David Shelton,ryanmichael@hotmail.com,Tourism officer,"Decker, Monroe and Bowen","240 April Divide Apt. 288, Petersonshire, NY 51482",298-510-7741x533,1970-10-16
Sandra Coleman,maryjohnson@goodman.com,Stage manager,Alvarez LLC,"18326 Hanson Mount, West Peter, IA 08740",(993)558-3782,1978-05-05
Michael Fritz,imiller@jensen-gonzales.net,"Producer, television/film/video","Miles, Hatfield and Moore","3976 Jasmine Lake Suite 746, South John, SC 37824",110-121-1244x83108,1963-05-12
Samantha Patrick,abarnes@gmail.com,Rural practice surveyor,Roberts LLC,"0701 Briggs Crest, Allenville, TX 08208",510.010.5729,1996-08-11
